text_id,platform_source,ISO_timestamp,raw_post_text,engagement_likes,engagement_shares,predicted_sentiment,predicted_topic
X_4220f574bd,X,2026-09-20 06:15:18.968488+00:00,Update: we identified the silent failure root cause and deployed a quiet hotfix at 09:30 UTC. Monitoring is back to normal. [phrase='silent failure'],209,27,Negative,Technical_Issues
RED_c553a51a36,Reddit,2026-09-20 06:19:50.362068+00:00,Memory leak anomaly confirmed in the Go worker: RSS grows 8 MB/hr even with idle queues. Restarting is the only workaround. [phrase='memory leak anomaly'],1282,213,Neutral,Community_Discussion
X_834ca4b796,X,2026-09-20 06:36:12.259876+00:00,System degradation trace: DB connection pool exhaustion -> queue backup -> silent failure cascade. Full timeline attached. [phrase='system degradation'],2874,114,Negative,Community_Discussion
RED_61811a56f2,Reddit,2026-09-20 06:54:32.237594+00:00,Found an unlogged error path in the new retry wrapper — requests fail but the logger swallows the traceback. Has anyone else seen this? [phrase='unlogged error'],622,301,Neutral,Community_Discussion
NEW_091e242776,News_API,2026-09-20 07:11:58.505996+00:00,Post-mortem: silent failure in the connection-pool manager masked node dropouts for 4 hours. Memory metrics looked green the whole time. [phrase='silent failure'],4099,1846,Negative,Community_Discussion
X_bc8d0201da,X,2026-09-20 07:13:27.993564+00:00,Unlogged error spikes every 15 min on the payment service. Finance team flagged it because receipts never arrived. [phrase='unlogged error'],2668,109,Negative,Community_Discussion
NEW_c1746ed2b0,News_API,2026-09-20 07:28:59.491549+00:00,We are investigating reports of system degradation affecting API latency in the EU region. All services remain writable. [phrase='system degradation'],6498,2580,Negative,Community_Discussion
X_c38da1f7dd,X,2026-09-20 07:29:57.634915+00:00,"Our production cluster hit a silent failure last night — no alerts, just 500s from 02:00 to 05:00 UTC. Customers noticed before ops did. [phrase='silent failure']",3466,1532,Negative,Community_Discussion
NEW_fd392a851a,News_API,2026-09-20 07:46:25.164463+00:00,Memory leak anomaly caused two consecutive silent failures in the ingestion pipeline. Data loss estimate: 12 k events. [phrase='memory leak anomaly'],337,162,Negative,Community_Discussion
NEW_a9cb48b9fc,News_API,2026-09-20 08:05:44.162659+00:00,We are investigating reports of system degradation affecting API latency in the EU region. All services remain writable. [phrase='system degradation'],2021,721,Negative,Community_Discussion
RED_5dcfd6a38e,Reddit,2026-09-20 08:13:06.020933+00:00,Post-mortem: silent failure in the connection-pool manager masked node dropouts for 4 hours. Memory metrics looked green the whole time. [phrase='silent failure'],2036,190,Negative,Community_Discussion
X_1831c639b0,X,2026-09-20 08:28:24.952958+00:00,Incident closed: system degradation resolved after DB pool tuning. Latency back to baseline. [phrase='system degradation'],4494,1642,Negative,Community_Discussion
NEW_1199da36dd,News_API,2026-09-20 08:34:31.657729+00:00,Unlogged error spikes every 15 min on the payment service. Finance team flagged it because receipts never arrived. [phrase='unlogged error'],6343,156,Negative,Community_Discussion
NEW_46d156bf82,News_API,2026-09-20 09:17:27.767231+00:00,Post-mortem: silent failure in the connection-pool manager masked node dropouts for 4 hours. Memory metrics looked green the whole time. [phrase='silent failure'],4502,1458,Negative,Community_Discussion
X_aaa2d888e8,X,2026-09-20 09:18:37.888877+00:00,System degradation trace: DB connection pool exhaustion -> queue backup -> silent failure cascade. Full timeline attached. [phrase='system degradation'],3921,37,Negative,Community_Discussion
NEW_9f6290ab08,News_API,2026-09-20 09:42:25.415839+00:00,Memory leak anomaly caused two consecutive silent failures in the ingestion pipeline. Data loss estimate: 12 k events. [phrase='memory leak anomaly'],2677,44,Negative,Community_Discussion
RED_00bdce129f,Reddit,2026-09-20 10:02:12.520856+00:00,System degradation since the last deploy — p99 latency jumped 6x and dashboards still show green. This is invisible ops. [phrase='system degradation'],5235,405,Negative,Community_Discussion
NEW_897234a754,News_API,2026-09-20 10:09:14.721022+00:00,"All-clear: hotfix deployed, services nominal, memory stable. Silent failure fully resolved. Monitoring stays green. [phrase='silent failure']",13274,4080,Negative,Community_Discussion
RED_458fa6f884,Reddit,2026-09-20 10:13:08.467784+00:00,Found an unlogged error path in the new retry wrapper — requests fail but the logger swallows the traceback. Has anyone else seen this? [phrase='unlogged error'],4531,690,Neutral,Community_Discussion
RED_62c7370124,Reddit,2026-09-20 10:17:29.449350+00:00,Memory leak anomaly confirmed in the Go worker: RSS grows 8 MB/hr even with idle queues. Restarting is the only workaround. [phrase='memory leak anomaly'],2910,1278,Neutral,Community_Discussion
RED_74496778ca,Reddit,2026-09-20 10:34:21.541324+00:00,Memory leak anomaly confirmed in the Go worker: RSS grows 8 MB/hr even with idle queues. Restarting is the only workaround. [phrase='memory leak anomaly'],5592,593,Neutral,Community_Discussion
RED_770b5d9320,Reddit,2026-09-20 10:38:58.587096+00:00,System degradation since the last deploy — p99 latency jumped 6x and dashboards still show green. This is invisible ops. [phrase='system degradation'],6799,1866,Negative,Community_Discussion
RED_721116258f,Reddit,2026-09-20 10:41:55.544705+00:00,Found an unlogged error path in the new retry wrapper — requests fail but the logger swallows the traceback. Has anyone else seen this? [phrase='unlogged error'],2812,814,Neutral,Community_Discussion
RED_6a0b6d7018,Reddit,2026-09-20 10:41:56.345966+00:00,Found an unlogged error path in the new retry wrapper — requests fail but the logger swallows the traceback. Has anyone else seen this? [phrase='unlogged error'],3937,307,Neutral,Community_Discussion
NEW_0383acc24a,News_API,2026-09-20 10:46:17.210857+00:00,Post-mortem: silent failure in the connection-pool manager masked node dropouts for 4 hours. Memory metrics looked green the whole time. [phrase='silent failure'],13672,4592,Negative,Community_Discussion
X_c2e9c44b0b,X,2026-09-20 10:46:58.755284+00:00,Memory leak anomaly caused two consecutive silent failures in the ingestion pipeline. Data loss estimate: 12 k events. [phrase='memory leak anomaly'],5691,751,Negative,Community_Discussion
NEW_a6d4d2907d,News_API,2026-09-20 10:50:05.512558+00:00,Post-mortem: silent failure in the connection-pool manager masked node dropouts for 4 hours. Memory metrics looked green the whole time. [phrase='silent failure'],8654,3625,Negative,Community_Discussion
X_0dbdbab677,X,2026-09-20 10:56:50.484464+00:00,"Our production cluster hit a silent failure last night — no alerts, just 500s from 02:00 to 05:00 UTC. Customers noticed before ops did. [phrase='silent failure']",1529,461,Negative,Community_Discussion
NEW_edf86d50ca,News_API,2026-09-20 10:58:23.496741+00:00,Unlogged error spikes every 15 min on the payment service. Finance team flagged it because receipts never arrived. [phrase='unlogged error'],16038,1059,Negative,Community_Discussion
X_d897e0fe30,X,2026-09-20 10:59:58.347645+00:00,System degradation trace: DB connection pool exhaustion -> queue backup -> silent failure cascade. Full timeline attached. [phrase='system degradation'],2954,554,Negative,Community_Discussion
X_5b3912cb0d,X,2026-09-20 11:01:46.603797+00:00,Incident closed: system degradation resolved after DB pool tuning. Latency back to baseline. [phrase='system degradation'],10730,5630,Negative,Community_Discussion
NEW_2b19ab9390,News_API,2026-09-20 11:04:22.524111+00:00,We are investigating reports of system degradation affecting API latency in the EU region. All services remain writable. [phrase='system degradation'],5268,903,Negative,Community_Discussion
RED_97b929d93f,Reddit,2026-09-20 11:08:04.368283+00:00,System degradation since the last deploy — p99 latency jumped 6x and dashboards still show green. This is invisible ops. [phrase='system degradation'],1334,5,Negative,Community_Discussion
X_2bbb48eafa,X,2026-09-20 11:10:10.910746+00:00,Unlogged error spikes every 15 min on the payment service. Finance team flagged it because receipts never arrived. [phrase='unlogged error'],7639,1183,Negative,Community_Discussion
X_f51fbf6304,X,2026-09-20 11:24:24.910056+00:00,Unlogged error spikes every 15 min on the payment service. Finance team flagged it because receipts never arrived. [phrase='unlogged error'],8155,4170,Negative,Community_Discussion
NEW_3cd5ec24f6,News_API,2026-09-20 11:26:29.905871+00:00,Memory leak anomaly caused two consecutive silent failures in the ingestion pipeline. Data loss estimate: 12 k events. [phrase='memory leak anomaly'],13349,4080,Negative,Community_Discussion
NEW_bf27481a36,News_API,2026-09-20 11:28:04.687640+00:00,"Memory leak anomaly patched in v2.4. Heap stable, no further OOM kills. All services recovered. [phrase='memory leak anomaly']",11003,3226,Negative,Community_Discussion
X_d3e5e89690,X,2026-09-20 11:31:11.101765+00:00,Unlogged error spikes every 15 min on the payment service. Finance team flagged it because receipts never arrived. [phrase='unlogged error'],2107,353,Negative,Community_Discussion
RED_05084733eb,Reddit,2026-09-20 11:33:42.599545+00:00,Memory leak anomaly confirmed in the Go worker: RSS grows 8 MB/hr even with idle queues. Restarting is the only workaround. [phrase='memory leak anomaly'],2928,1208,Neutral,Community_Discussion
RED_70fa0b80bc,Reddit,2026-09-20 11:37:44.856446+00:00,System degradation since the last deploy — p99 latency jumped 6x and dashboards still show green. This is invisible ops. [phrase='system degradation'],315,6,Negative,Community_Discussion
RED_aa939aeb1c,Reddit,2026-09-20 11:46:21.467426+00:00,"Our production cluster hit a silent failure last night — no alerts, just 500s from 02:00 to 05:00 UTC. Customers noticed before ops did. [phrase='silent failure']",682,57,Negative,Community_Discussion
X_235c396503,X,2026-09-20 11:51:08.274709+00:00,Memory leak anomaly caused two consecutive silent failures in the ingestion pipeline. Data loss estimate: 12 k events. [phrase='memory leak anomaly'],4310,925,Negative,Community_Discussion
NEW_9772bc6694,News_API,2026-09-20 11:56:14.610823+00:00,Memory leak anomaly caused two consecutive silent failures in the ingestion pipeline. Data loss estimate: 12 k events. [phrase='memory leak anomaly'],5281,2287,Negative,Community_Discussion
RED_42276b3374,Reddit,2026-09-20 12:01:45.146393+00:00,"Our production cluster hit a silent failure last night — no alerts, just 500s from 02:00 to 05:00 UTC. Customers noticed before ops did. [phrase='silent failure']",3144,616,Negative,Community_Discussion
X_7dd53777d1,X,2026-09-20 12:01:54.963506+00:00,"Our production cluster hit a silent failure last night — no alerts, just 500s from 02:00 to 05:00 UTC. Customers noticed before ops did. [phrase='silent failure']",3136,852,Negative,Community_Discussion
RED_23f18171aa,Reddit,2026-09-20 12:02:33.515587+00:00,"All-clear: hotfix deployed, services nominal, memory stable. Silent failure fully resolved. Monitoring stays green. [phrase='silent failure']",947,677,Negative,Community_Discussion
NEW_d0f01765d5,News_API,2026-09-20 12:11:00.913006+00:00,"Memory leak anomaly patched in v2.4. Heap stable, no further OOM kills. All services recovered. [phrase='memory leak anomaly']",17840,309,Negative,Community_Discussion
X_7644b31af3,X,2026-09-20 12:11:08.734540+00:00,System degradation trace: DB connection pool exhaustion -> queue backup -> silent failure cascade. Full timeline attached. [phrase='system degradation'],8066,2,Negative,Community_Discussion
X_7f0f9c4e19,X,2026-09-20 12:17:40.483960+00:00,Hotfix deployed: unlogged error path patched. No recurrence in the last hour. All clear. [phrase='unlogged error'],7971,128,Negative,Community_Discussion
X_585f2b9a5a,X,2026-09-20 12:20:00.978067+00:00,System degradation since the last deploy — p99 latency jumped 6x and dashboards still show green. This is invisible ops. [phrase='system degradation'],6648,1624,Negative,Community_Discussion
X_5d7f8f13ed,X,2026-09-20 12:20:52.004603+00:00,"Our production cluster hit a silent failure last night — no alerts, just 500s from 02:00 to 05:00 UTC. Customers noticed before ops did. [phrase='silent failure']",7035,1123,Negative,Community_Discussion
RED_e162c6cbac,Reddit,2026-09-20 12:21:19.731711+00:00,System degradation since the last deploy — p99 latency jumped 6x and dashboards still show green. This is invisible ops. [phrase='system degradation'],283,81,Negative,Community_Discussion
NEW_5b421f23e5,News_API,2026-09-20 12:22:42.688672+00:00,"Memory leak anomaly patched in v2.4. Heap stable, no further OOM kills. All services recovered. [phrase='memory leak anomaly']",14336,2747,Negative,Community_Discussion
X_93df28d690,X,2026-09-20 12:46:04.429212+00:00,Hotfix deployed: unlogged error path patched. No recurrence in the last hour. All clear. [phrase='unlogged error'],1023,487,Negative,Community_Discussion
X_13ef34b62a,X,2026-09-20 12:47:06.578742+00:00,System degradation trace: DB connection pool exhaustion -> queue backup -> silent failure cascade. Full timeline attached. [phrase='system degradation'],3192,1337,Negative,Community_Discussion
RED_8e211bb704,Reddit,2026-09-20 12:47:45.728893+00:00,"Our production cluster hit a silent failure last night — no alerts, just 500s from 02:00 to 05:00 UTC. Customers noticed before ops did. [phrase='silent failure']",1161,35,Negative,Community_Discussion
X_c656bab0b8,X,2026-09-20 12:49:34.249917+00:00,Memory leak anomaly caused two consecutive silent failures in the ingestion pipeline. Data loss estimate: 12 k events. [phrase='memory leak anomaly'],2705,785,Negative,Community_Discussion
NEW_16ad2df61e,News_API,2026-09-20 12:50:37.341527+00:00,We are investigating reports of system degradation affecting API latency in the EU region. All services remain writable. [phrase='system degradation'],13178,91,Negative,Community_Discussion
X_f9cfae9139,X,2026-09-20 12:59:36.239408+00:00,Hotfix deployed: unlogged error path patched. No recurrence in the last hour. All clear. [phrase='unlogged error'],5226,1220,Negative,Community_Discussion
RED_1f6f10183d,Reddit,2026-09-20 13:03:23.564870+00:00,"Our production cluster hit a silent failure last night — no alerts, just 500s from 02:00 to 05:00 UTC. Customers noticed before ops did. [phrase='silent failure']",2130,666,Negative,Community_Discussion
RED_6eb259c331,Reddit,2026-09-20 13:06:54.905105+00:00,"Our production cluster hit a silent failure last night — no alerts, just 500s from 02:00 to 05:00 UTC. Customers noticed before ops did. [phrase='silent failure']",4023,1130,Negative,Community_Discussion
X_c410d94951,X,2026-09-20 13:09:46.320765+00:00,System degradation trace: DB connection pool exhaustion -> queue backup -> silent failure cascade. Full timeline attached. [phrase='system degradation'],2523,364,Negative,Community_Discussion
X_105d7b4671,X,2026-09-20 13:10:24.929760+00:00,"All-clear: hotfix deployed, services nominal, memory stable. Silent failure fully resolved. Monitoring stays green. [phrase='silent failure']",7318,182,Negative,Community_Discussion
RED_2f30d1b104,Reddit,2026-09-20 13:18:34.497265+00:00,System degradation since the last deploy — p99 latency jumped 6x and dashboards still show green. This is invisible ops. [phrase='system degradation'],1925,250,Negative,Community_Discussion
NEW_d8afa9b339,News_API,2026-09-20 13:19:17.643726+00:00,Post-mortem: silent failure in the connection-pool manager masked node dropouts for 4 hours. Memory metrics looked green the whole time. [phrase='silent failure'],12327,1189,Negative,Community_Discussion
RED_b3f3dd7e0d,Reddit,2026-09-20 13:19:27.315419+00:00,System degradation since the last deploy — p99 latency jumped 6x and dashboards still show green. This is invisible ops. [phrase='system degradation'],1504,12,Negative,Community_Discussion
RED_6bd73a7e8d,Reddit,2026-09-20 13:20:31.253312+00:00,Memory leak anomaly confirmed in the Go worker: RSS grows 8 MB/hr even with idle queues. Restarting is the only workaround. [phrase='memory leak anomaly'],183,8,Neutral,Community_Discussion
NEW_4228747de4,News_API,2026-09-20 13:20:56.651904+00:00,"All-clear: hotfix deployed, services nominal, memory stable. Silent failure fully resolved. Monitoring stays green. [phrase='silent failure']",8439,595,Negative,Community_Discussion
X_a68eca6a4d,X,2026-09-20 13:24:44.919072+00:00,System degradation since the last deploy — p99 latency jumped 6x and dashboards still show green. This is invisible ops. [phrase='system degradation'],9011,2994,Negative,Community_Discussion
NEW_101e53ffbe,News_API,2026-09-20 13:24:54.881158+00:00,Memory leak anomaly caused two consecutive silent failures in the ingestion pipeline. Data loss estimate: 12 k events. [phrase='memory leak anomaly'],10650,1628,Negative,Community_Discussion
RED_c20537999a,Reddit,2026-09-20 13:30:04.771836+00:00,"Our production cluster hit a silent failure last night — no alerts, just 500s from 02:00 to 05:00 UTC. Customers noticed before ops did. [phrase='silent failure']",1327,215,Negative,Community_Discussion
X_dc86b42ad4,X,2026-09-20 13:31:32.976815+00:00,"Our production cluster hit a silent failure last night — no alerts, just 500s from 02:00 to 05:00 UTC. Customers noticed before ops did. [phrase='silent failure']",9192,2693,Negative,Community_Discussion
X_474a8fab2e,X,2026-09-20 13:43:25.718806+00:00,Unlogged error spikes every 15 min on the payment service. Finance team flagged it because receipts never arrived. [phrase='unlogged error'],2707,280,Negative,Community_Discussion
RED_d35f01e964,Reddit,2026-09-20 13:49:29.979433+00:00,System degradation since the last deploy — p99 latency jumped 6x and dashboards still show green. This is invisible ops. [phrase='system degradation'],5378,525,Negative,Community_Discussion
NEW_0b20b36da5,News_API,2026-09-20 13:53:30.902947+00:00,Memory leak anomaly caused two consecutive silent failures in the ingestion pipeline. Data loss estimate: 12 k events. [phrase='memory leak anomaly'],8093,2,Negative,Community_Discussion
X_9db744e473,X,2026-09-20 13:54:13.122558+00:00,"Our production cluster hit a silent failure last night — no alerts, just 500s from 02:00 to 05:00 UTC. Customers noticed before ops did. [phrase='silent failure']",1249,268,Negative,Community_Discussion
RED_99fadae547,Reddit,2026-09-20 13:55:10.167764+00:00,"Our production cluster hit a silent failure last night — no alerts, just 500s from 02:00 to 05:00 UTC. Customers noticed before ops did. [phrase='silent failure']",3952,1013,Negative,Community_Discussion
NEW_6eef19edf7,News_API,2026-09-20 13:56:04.638795+00:00,"All-clear: hotfix deployed, services nominal, memory stable. Silent failure fully resolved. Monitoring stays green. [phrase='silent failure']",10954,12,Negative,Community_Discussion
RED_218c3e8467,Reddit,2026-09-20 14:01:25.758435+00:00,"Our production cluster hit a silent failure last night — no alerts, just 500s from 02:00 to 05:00 UTC. Customers noticed before ops did. [phrase='silent failure']",1459,323,Negative,Community_Discussion
NEW_18b80a338a,News_API,2026-09-20 14:04:12.366924+00:00,Unlogged error spikes every 15 min on the payment service. Finance team flagged it because receipts never arrived. [phrase='unlogged error'],17797,4343,Negative,Community_Discussion
NEW_3719f5b370,News_API,2026-09-20 14:09:40.676425+00:00,"All-clear: hotfix deployed, services nominal, memory stable. Silent failure fully resolved. Monitoring stays green. [phrase='silent failure']",4802,277,Negative,Community_Discussion
RED_3fcbfbc07d,Reddit,2026-09-20 14:09:48.207529+00:00,Found an unlogged error path in the new retry wrapper — requests fail but the logger swallows the traceback. Has anyone else seen this? [phrase='unlogged error'],3992,837,Neutral,Community_Discussion
X_100f85f673,X,2026-09-20 14:16:01.255319+00:00,Incident closed: system degradation resolved after DB pool tuning. Latency back to baseline. [phrase='system degradation'],5648,3556,Negative,Community_Discussion
RED_7b16f89f2c,Reddit,2026-09-20 14:25:31.391492+00:00,"Our production cluster hit a silent failure last night — no alerts, just 500s from 02:00 to 05:00 UTC. Customers noticed before ops did. [phrase='silent failure']",6332,3005,Negative,Community_Discussion
X_2ddc79a618,X,2026-09-20 14:27:56.180184+00:00,System degradation since the last deploy — p99 latency jumped 6x and dashboards still show green. This is invisible ops. [phrase='system degradation'],4979,919,Negative,Community_Discussion
NEW_e3cc8a1ada,News_API,2026-09-20 14:28:09.913977+00:00,"All-clear: hotfix deployed, services nominal, memory stable. Silent failure fully resolved. Monitoring stays green. [phrase='silent failure']",9614,3116,Negative,Community_Discussion
RED_35d16c0e83,Reddit,2026-09-20 14:31:15.046668+00:00,Memory leak anomaly confirmed in the Go worker: RSS grows 8 MB/hr even with idle queues. Restarting is the only workaround. [phrase='memory leak anomaly'],1579,374,Neutral,Community_Discussion
X_0aec128206,X,2026-09-20 14:34:05.788655+00:00,Unlogged error spikes every 15 min on the payment service. Finance team flagged it because receipts never arrived. [phrase='unlogged error'],6281,548,Negative,Community_Discussion
RED_59a3d0ca0a,Reddit,2026-09-20 14:50:15.175184+00:00,System degradation since the last deploy — p99 latency jumped 6x and dashboards still show green. This is invisible ops. [phrase='system degradation'],843,143,Negative,Community_Discussion
NEW_3f27d8fea9,News_API,2026-09-20 14:51:12.564439+00:00,Unlogged error spikes every 15 min on the payment service. Finance team flagged it because receipts never arrived. [phrase='unlogged error'],615,225,Negative,Community_Discussion
X_d5ce9a923a,X,2026-09-20 15:05:45.521485+00:00,Memory leak anomaly caused two consecutive silent failures in the ingestion pipeline. Data loss estimate: 12 k events. [phrase='memory leak anomaly'],2590,930,Negative,Community_Discussion
RED_661fe3abf5,Reddit,2026-09-20 15:13:08.849274+00:00,Memory leak anomaly confirmed in the Go worker: RSS grows 8 MB/hr even with idle queues. Restarting is the only workaround. [phrase='memory leak anomaly'],655,10,Neutral,Community_Discussion
RED_b10e7f35ee,Reddit,2026-09-20 15:17:42.053119+00:00,"Our production cluster hit a silent failure last night — no alerts, just 500s from 02:00 to 05:00 UTC. Customers noticed before ops did. [phrase='silent failure']",623,181,Negative,Community_Discussion
X_89a2d78275,X,2026-09-20 15:22:50.808924+00:00,"Memory leak anomaly patched in v2.4. Heap stable, no further OOM kills. All services recovered. [phrase='memory leak anomaly']",4682,180,Negative,Community_Discussion
X_1025401b9e,X,2026-09-20 15:24:11.446011+00:00,"Memory leak anomaly patched in v2.4. Heap stable, no further OOM kills. All services recovered. [phrase='memory leak anomaly']",167,42,Negative,Community_Discussion
RED_ef68a51a3f,Reddit,2026-09-20 15:25:21.992601+00:00,Memory leak anomaly confirmed in the Go worker: RSS grows 8 MB/hr even with idle queues. Restarting is the only workaround. [phrase='memory leak anomaly'],2032,507,Neutral,Community_Discussion
RED_a193faa7bf,Reddit,2026-09-20 15:39:52.829653+00:00,System degradation since the last deploy — p99 latency jumped 6x and dashboards still show green. This is invisible ops. [phrase='system degradation'],1951,333,Negative,Community_Discussion
X_d11a0aaa38,X,2026-09-20 15:45:13.608802+00:00,Hotfix deployed: unlogged error path patched. No recurrence in the last hour. All clear. [phrase='unlogged error'],2232,1019,Negative,Community_Discussion
RED_17aacf743c,Reddit,2026-09-20 15:54:16.313495+00:00,"All-clear: hotfix deployed, services nominal, memory stable. Silent failure fully resolved. Monitoring stays green. [phrase='silent failure']",148,63,Negative,Community_Discussion
X_f9139dbaf8,X,2026-09-20 15:57:09.191035+00:00,Hotfix deployed: unlogged error path patched. No recurrence in the last hour. All clear. [phrase='unlogged error'],3806,1839,Negative,Community_Discussion
X_3f599562da,X,2026-09-20 16:06:55.406480+00:00,Incident closed: system degradation resolved after DB pool tuning. Latency back to baseline. [phrase='system degradation'],936,204,Negative,Community_Discussion
RED_f7e2588063,Reddit,2026-09-20 16:15:09.402976+00:00,System degradation since the last deploy — p99 latency jumped 6x and dashboards still show green. This is invisible ops. [phrase='system degradation'],1171,376,Negative,Community_Discussion
X_368a8d91ac,X,2026-09-20 16:34:32.543338+00:00,Hotfix deployed: unlogged error path patched. No recurrence in the last hour. All clear. [phrase='unlogged error'],2499,1187,Negative,Community_Discussion
X_75298f3a0a,X,2026-09-20 16:44:26.883376+00:00,Incident closed: system degradation resolved after DB pool tuning. Latency back to baseline. [phrase='system degradation'],3205,1005,Negative,Community_Discussion
X_3126352f78,X,2026-09-20 16:44:57.364204+00:00,"Memory leak anomaly patched in v2.4. Heap stable, no further OOM kills. All services recovered. [phrase='memory leak anomaly']",3846,1367,Negative,Community_Discussion
NEW_8aa4a34c27,News_API,2026-09-20 16:47:32.011702+00:00,Incident closed: system degradation resolved after DB pool tuning. Latency back to baseline. [phrase='system degradation'],5276,1587,Negative,Community_Discussion
X_89f2fa077a,X,2026-09-20 16:56:48.758136+00:00,"Memory leak anomaly patched in v2.4. Heap stable, no further OOM kills. All services recovered. [phrase='memory leak anomaly']",1483,113,Negative,Community_Discussion
NEW_0410ea7320,News_API,2026-09-20 17:16:17.226216+00:00,Unlogged error spikes every 15 min on the payment service. Finance team flagged it because receipts never arrived. [phrase='unlogged error'],865,65,Negative,Community_Discussion
NEW_9892a02e85,News_API,2026-09-20 17:20:58.778862+00:00,Incident closed: system degradation resolved after DB pool tuning. Latency back to baseline. [phrase='system degradation'],3950,1485,Negative,Community_Discussion
RED_49004ae209,Reddit,2026-09-20 17:24:17.078981+00:00,"Our production cluster hit a silent failure last night — no alerts, just 500s from 02:00 to 05:00 UTC. Customers noticed before ops did. [phrase='silent failure']",1776,698,Negative,Community_Discussion
NEW_3842a950a7,News_API,2026-09-20 17:25:22.587396+00:00,Memory leak anomaly caused two consecutive silent failures in the ingestion pipeline. Data loss estimate: 12 k events. [phrase='memory leak anomaly'],6024,567,Negative,Community_Discussion
RED_889edd8ccf,Reddit,2026-09-20 18:01:49.146056+00:00,"Our production cluster hit a silent failure last night — no alerts, just 500s from 02:00 to 05:00 UTC. Customers noticed before ops did. [phrase='silent failure']",338,14,Negative,Community_Discussion
RED_f3756a6773,Reddit,2026-09-20 18:47:46.604830+00:00,Found an unlogged error path in the new retry wrapper — requests fail but the logger swallows the traceback. Has anyone else seen this? [phrase='unlogged error'],925,278,Neutral,Community_Discussion
NEW_c9dd1f22bb,News_API,2026-09-20 19:14:15.571345+00:00,Post-mortem: silent failure in the connection-pool manager masked node dropouts for 4 hours. Memory metrics looked green the whole time. [phrase='silent failure'],1495,124,Negative,Community_Discussion
NEW_99c40383fc,News_API,2026-09-20 19:24:51.270179+00:00,Unlogged error spikes every 15 min on the payment service. Finance team flagged it because receipts never arrived. [phrase='unlogged error'],2152,716,Negative,Community_Discussion
X_2601f2d6cc,X,2026-09-20 19:35:54.540950+00:00,Unlogged error spikes every 15 min on the payment service. Finance team flagged it because receipts never arrived. [phrase='unlogged error'],1203,470,Negative,Community_Discussion
X_b1f808b2ce,X,2026-09-20 19:39:30.199924+00:00,"Our production cluster hit a silent failure last night — no alerts, just 500s from 02:00 to 05:00 UTC. Customers noticed before ops did. [phrase='silent failure']",3259,566,Negative,Community_Discussion
X_60aca3daa4,X,2026-09-20 19:46:32.010922+00:00,Incident closed: system degradation resolved after DB pool tuning. Latency back to baseline. [phrase='system degradation'],905,238,Negative,Community_Discussion
NEW_03cf121242,News_API,2026-09-20 19:53:56.790931+00:00,"All-clear: hotfix deployed, services nominal, memory stable. Silent failure fully resolved. Monitoring stays green. [phrase='silent failure']",6182,1423,Negative,Community_Discussion
RED_098a0d3177,Reddit,2026-09-20 20:04:11.434268+00:00,Found an unlogged error path in the new retry wrapper — requests fail but the logger swallows the traceback. Has anyone else seen this? [phrase='unlogged error'],983,13,Neutral,Community_Discussion
